<?xml version="1.0" encoding="UTF-8" standalone="yes"?>
<addon id="repository.cguzzman" name="[B]cguZZman's[/B] Add-on repository" version="1.0.0" provider-name="Carlos Guzman (cguZZman)">
	<extension point="xbmc.addon.repository" name="Official cguZZman's Add-on Repository">
        <info>https://raw.githubusercontent.com/cguZZman/repository.plugins/master/addons-info.xml</info>
        <checksum>https://raw.githubusercontent.com/cguZZman/repository.plugins/master/addons-info.xml.md5</checksum>
        <datadir zip="true">https://raw.githubusercontent.com/cguZZman/repository.plugins/master/</datadir>
	</extension>
	<extension point="xbmc.addon.metadata">
		<summary>Add-ons from https://github.com/cguZZman</summary>
		<description>Download my releases faster</description>
		<platform>all</platform>
	</extension>
</addon>