<?xml version="1.0" encoding="UTF-8"?>
<addon id="plugin.googledrive" name="Google Drive" version="1.2.7" provider-name="Carlos Guzman (cguZZman)">
	<requires>
		<import addon="xbmc.python" version="2.25.0" />
		<import addon="script.module.clouddrive.common" version="1.2.6"/>
	</requires>
	<extension point="xbmc.python.pluginsource" library="addon.py">
		<provides>image audio video</provides>
	</extension>
	<extension point="xbmc.service" library="service.py" start="login" />
	<extension point="xbmc.addon.metadata">
		<platform>all</platform>
		<summary lang="en_GB">Google Drive for KODI</summary>
		<description lang="en_GB">
Play all your media from Google Drive including Videos, Music and Pictures (including Google Photos).
 - Unlimited number of accounts.
 - Team Drives support
 - Google Photos support
 - Search over your drive.
 - Auto-Refreshed slideshow.
 - Export your videos to your library (.strm files)
 - Use Google Drive as a source
 - This program is not affiliated with or sponsored by Google.
		</description>
		<summary lang="he_IL">כונן Google Drive של מיקרוסופט עבור קודי</summary>
		<description lang="he_IL">
הפעל את כל המדיה שלך מ- Google Drive כולל וידאו, מוסיקה ותמונות.
  - מספר בלתי מוגבל של חשבונות.
  - חיפוש ומציאת הכונן שלך.
  - ריענון מצגת אוטומטית.
  - ייצוא קטעי הווידאו לספרייה שלך (קבצי .strm)
  - שימוש ב-Google Drive כמקור
  - תוכנית זו אינה קשורה או ממומנת על ידי Google.
		</description>
		<license>GNU GENERAL PUBLIC LICENSE. Version 3, 29 June 2007</license>
		<source>https://github.com/cguZZman/plugin.googledrive</source>
		<forum>https://github.com/cguZZman/plugin.googledrive/issues</forum>
		<website>https://addons.kodi.tv/show/plugin.googledrive</website>
		<news>
v1.2.7 released Sep 10, 2018:
- Subtitles assigned in source mode
- Fixes
v1.2.6 released Aug 26, 2018:
- Team drive list fix
v1.2.4 released Aug 24, 2018:
- strm files saved in the cloud are exported as is.
v1.2.3 released Aug 17, 2018:
- Auto export and watch export folder.
- Fixes
v1.2.2 released Jul 15, 2018:
- Fix requesting files with a single quote in the name in source mode.
v1.2.1 released Jul 14, 2018:
- Source mode fix
v1.2.0 released Jul 12, 2018:
- Team Drive support
v1.1.0 released Jul 11, 2018:
- New mode for source and download services. Both moved to respective addons.
- Source service fixed.
v1.0.5 released July 6, 2018:
- Fix display more than 100 files in source mode
v1.0.4 released July 5, 2018:
- Fix exporting and google photos
v1.0.3 released April 13, 2018:
- Fix bug playing files with a single quote in the name.
v1.0.2 released March 15, 2018:
- Bug fixes
- Auto export strm
- Select stream format
v1.0.1 released Nov 30, 2017:
- Bug fixes
v1.0.0 Nov 6, 2017:
- First release
		</news>
		<disclaimer lang="en_GB">
This cloud drive addon uses a third-party authentication mechanism commonly known as OAuth 2.0.
If you want to know more about OAuth 2.0 you can visit the following pages:
- https://oauth.net/2/
- https://developers.google.com/identity/protocols/OAuth2
- https://docs.microsoft.com/en-us/onedrive/developer/rest-api/getting-started/msa-oauth

Kodi and myself take no responsibility or liability.

The authentication server URL is specified in Settings / Advanced / Sign-in Server. The Sign-in Server implements the OAuth 2.0 protocol.
The complete source code of the Sign-in Server can be download here: https://github.com/cguZZman/drive-login
You can clone the project and host it in your own server. 
		</disclaimer>
	</extension>
</addon>
